,accuracy,precision,recall,f1_score,roc_auc
svm,0.9954545454545455,1.0,0.9873417721518988,0.9936305732484076,0.9999102253344107
xgboost,0.9727272727272728,0.9620253164556962,0.9620253164556962,0.9620253164556962,0.9982045066882126
random_forest,0.9681818181818181,0.9736842105263158,0.9367088607594937,0.9548387096774194,0.9979351826914445
lightgbm,0.95,0.925,0.9367088607594937,0.9308176100628931,0.992997576084029
