,accuracy,precision,recall,f1_score
random_forest,1.0,1.0,1.0,1.0
xgboost,1.0,1.0,1.0,1.0
lightgbm,1.0,1.0,1.0,1.0
svm,0.47619047619047616,0.22675736961451246,0.47619047619047616,0.3072196620583717
